rrname,root_domain,rrdata,day
eccouncil.org,eccouncil.org,93.174.95.82,2014-02-22
www.eccouncil.org,eccouncil.org,93.174.95.82,2014-02-22
blog.lenovo.com,lenovo.com,104.27.189.198,2015-02-27
blog.lenovo.com,lenovo.com,104.27.188.198,2015-02-27
forums.lenovo.com,lenovo.com,104.27.189.198,2015-02-27
forums.lenovo.com,lenovo.com,104.27.188.198,2015-02-27
home.lenovo.com,lenovo.com,104.27.188.198,2015-02-27
home.lenovo.com,lenovo.com,104.27.189.198,2015-02-27
ns2.stlouisfed.org,stlouisfed.org,45.33.43.186,2015-04-24
ns3.stlouisfed.org,stlouisfed.org,45.33.63.184,2015-04-24
ns4.stlouisfed.org,stlouisfed.org,45.33.59.185,2015-04-24
ns1.stlouisfed.org,stlouisfed.org,45.33.47.184,2015-04-24
research.stlouisfed.org,stlouisfed.org,45.33.67.166,2015-04-24
research.stlouisfed.org,stlouisfed.org,45.33.75.166,2015-04-24
ns4.stlouisfed.org,stlouisfed.org,205.251.194.21,2015-04-24
ns1.stlouisfed.org,stlouisfed.org,205.251.193.226,2015-04-24
ns3.stlouisfed.org,stlouisfed.org,205.251.197.37,2015-04-24
blockchain.info,blockchain.info,192.236.200.26,2016-10-12
blockchain.info,blockchain.info,198.44.48.226,2016-10-12
cse.google.com.br,google.com.br,177.190.119.30,2017-01-03
cse.google.com.br,google.com.br,177.190.119.45,2017-01-03
cse.google.com.br,google.com.br,177.190.119.38,2017-01-03
cse.google.com.br,google.com.br,177.190.119.44,2017-01-03
cse.google.com.br,google.com.br,177.190.119.15,2017-01-03
cse.google.com.br,google.com.br,177.190.119.19,2017-01-03
cse.google.com.br,google.com.br,177.190.119.29,2017-01-03
cse.google.com.br,google.com.br,177.190.119.42,2017-01-03
cse.google.com.br,google.com.br,177.190.119.34,2017-01-03
cse.google.com.br,google.com.br,177.190.119.49,2017-01-03
cse.google.com.br,google.com.br,177.190.119.53,2017-01-03
cse.google.com.br,google.com.br,177.190.119.27,2017-01-03
cse.google.com.br,google.com.br,177.190.119.59,2017-01-03
cse.google.com.br,google.com.br,177.190.119.57,2017-01-03
cse.google.com.br,google.com.br,177.190.119.23,2017-01-03
google.com.br,google.com.br,91.148.168.111,2017-01-03
google.com.br,google.com.br,217.174.152.24,2017-01-03
mail.gid.gov.jo,gid.gov.jo,89.163.206.26,2017-02-07
www.scrt.ch,scrt.ch,46.183.219.205,2017-07-07
www.scrt.ch,scrt.ch,46.183.219.206,2017-07-07
wikileaks.org,wikileaks.org,181.215.237.148,2017-08-30
ns1.wikileaks.org,wikileaks.org,191.101.26.67,2017-08-31
ns2.wikileaks.org,wikileaks.org,45.63.62.195,2017-08-31
img1.lln.crunchyroll.com,crunchyroll.com,109.232.225.12,2017-11-04
img2.ak.crunchyroll.com,crunchyroll.com,109.232.225.12,2017-11-04
img1.cdn.crunchyroll.com,crunchyroll.com,109.232.225.12,2017-11-04
img3.ak.crunchyroll.com,crunchyroll.com,109.232.225.12,2017-11-04
img3.lln.crunchyroll.com,crunchyroll.com,109.232.225.12,2017-11-04
ns1.crunchyroll.com,crunchyroll.com,109.232.225.12,2017-11-04
ns2.crunchyroll.com,crunchyroll.com,109.232.225.12,2017-11-04
cdimg3.crunchyroll.com,crunchyroll.com,109.232.225.12,2017-11-04
img3.cdn.crunchyroll.com,crunchyroll.com,109.232.225.12,2017-11-04
isatap.sf.crunchyroll.com,crunchyroll.com,109.232.225.12,2017-11-04
img2.cdn.crunchyroll.com,crunchyroll.com,109.232.225.12,2017-11-04
cdimg1.crunchyroll.com,crunchyroll.com,109.232.225.12,2017-11-04
img2.lln.crunchyroll.com,crunchyroll.com,109.232.225.12,2017-11-04
wiki.crunchyroll.com,crunchyroll.com,109.232.225.12,2017-11-04
ww.crunchyroll.com,crunchyroll.com,109.232.225.12,2017-11-04
mail.dgca.gov.kw,dgca.gov.kw,185.15.247.140,2017-12-30
edge1.dgca.gov.kw,dgca.gov.kw,185.15.247.140,2017-12-31
fs.dgca.gov.kw,dgca.gov.kw,185.15.247.140,2018-01-03
blackwallet.co,blackwallet.co,104.18.44.105,2018-01-13
blackwallet.co,blackwallet.co,104.18.45.105,2018-01-13
www.blackwallet.co,blackwallet.co,104.18.45.105,2018-01-13
www.blackwallet.co,blackwallet.co,104.18.44.105,2018-01-13
mail.shish.gov.al,shish.gov.al,185.15.247.140,2018-01-14
ns1.shish.gov.al,shish.gov.al,185.15.247.140,2018-01-15
ws1.shish.gov.al,shish.gov.al,185.15.247.140,2018-01-15
sg-ns.anycast.pch.net,pch.net,192.64.147.142,2018-01-23
ns1.ocom.com,ocom.com,188.166.123.91,2018-01-24
ns2.ocom.com,ocom.com,188.166.123.91,2018-01-24
ns2.ocom.com,ocom.com,147.75.83.87,2018-01-25
ns1.ocom.com,ocom.com,147.75.83.87,2018-01-25
webmail.ocom.com,ocom.com,147.75.81.251,2018-01-25
connect.ocom.com,ocom.com,147.75.205.145,2018-01-25
webmail.mofa.gov.ae,mofa.gov.ae,185.203.116.116,2018-05-30
wavesplatform.com,wavesplatform.com,208.123.116.194,2018-07-24
webmail.mofa.gov.ae,mofa.gov.ae,146.185.143.158,2018-08-15
mail.mofa.gov.iq,mofa.gov.iq,82.196.9.10,2018-09-07
adpvpn.adpolice.gov.ae,adpolice.gov.ae,185.20.187.8,2018-09-13
nsa.gov.iq,nsa.gov.iq,82.196.8.43,2018-10-02
embassy.ly,embassy.ly,188.166.119.57,2018-10-10
egypt.embassy.ly,embassy.ly,188.166.119.57,2018-10-11
mail.noc.ly,noc.ly,188.166.119.57,2018-10-23
mod.gov.eg,mod.gov.eg,159.237.57.24,2018-10-31
mail.shish.gov.al,shish.gov.al,37.139.11.155,2018-11-02
webvpn.shish.gov.al,shish.gov.al,199.247.3.191,2018-11-05
webmail.finance.gov.lb,finance.gov.lb,185.20.187.8,2018-11-06
mail.asp.gov.al,asp.gov.al,199.247.3.191,2018-11-08
www.mail.asp.gov.al,asp.gov.al,199.247.3.191,2018-11-08
memail.mea.com.lb,mea.com.lb,185.20.187.8,2018-11-14
mail.mfa.gov.eg,mfa.gov.eg,188.166.119.57,2018-11-14
inc-vrdl.iq,inc-vrdl.iq,199.247.3.191,2018-11-21
www.inc-vrdl.iq,inc-vrdl.iq,199.247.3.191,2018-11-21
mail.petroleum.gov.eg,petroleum.gov.eg,206.221.184.133,2018-11-21
mail.mod.gov.eg,mod.gov.eg,188.166.119.57,2018-11-23
sm2.mod.gov.eg,mod.gov.eg,188.166.119.57,2018-11-28
mail1.pcm.gov.lb,pcm.gov.lb,185.20.187.8,2018-11-28
mail.medgulf.com.lb,medgulf.com.lb,185.161.209.147,2018-11-28
linux.org,linux.org,208.91.197.27,2018-12-07
www.linux.org,linux.org,208.91.197.27,2018-12-07
linux.org,linux.org,205.178.189.131,2018-12-07
mail.linux.org,linux.org,205.178.189.131,2018-12-07
www.linux.org,linux.org,205.178.189.131,2018-12-07
smtp.linux.org,linux.org,205.178.189.131,2018-12-07
linuxperf.nl.linux.org,linux.org,205.178.189.131,2018-12-07
smtp.se.linux.org,linux.org,205.178.189.131,2018-12-07
se.linux.org,linux.org,205.178.189.131,2018-12-07
nl.linux.org,linux.org,205.178.189.131,2018-12-07
zeniv.uk.linux.org,linux.org,205.178.189.131,2018-12-07
mail.nl.linux.org,linux.org,205.178.189.131,2018-12-07
ftp.uk.linux.org,linux.org,208.91.197.27,2018-12-07
zeniv.uk.linux.org,linux.org,208.91.197.27,2018-12-08
www.gid.gov.jo,gid.gov.jo,139.162.144.139,2018-12-12
gid.gov.jo,gid.gov.jo,139.162.144.139,2018-12-13
tajneed.gid.gov.jo,gid.gov.jo,139.162.144.139,2018-12-13
govcloud.gov.cy,govcloud.gov.cy,178.62.218.244,2018-12-17
test.govcloud.gov.cy,govcloud.gov.cy,178.62.218.244,2018-12-17
webmail.gov.cy,webmail.gov.cy,178.62.218.244,2018-12-20
owa.gov.cy,owa.gov.cy,178.62.218.244,2018-12-25
www.owa.gov.cy,owa.gov.cy,178.62.218.244,2018-12-28
dnsnode.netnod.se,netnod.se,159.89.101.204,2019-01-01
outlook.cyta.com.cy,cyta.com.cy,178.62.218.244,2019-01-28
mbox.cyta.com.cy,cyta.com.cy,178.62.218.244,2019-01-28
sim.cyta.com.cy,cyta.com.cy,178.62.218.244,2019-01-28
mail101.cyta.com.cy,cyta.com.cy,178.62.218.244,2019-01-28
mail102.cyta.com.cy,cyta.com.cy,178.62.218.244,2019-01-28
www.cyta.com.cy,cyta.com.cy,178.62.218.244,2019-01-28
imap.cyta.com.cy,cyta.com.cy,178.62.218.244,2019-01-28
cyta.com.cy,cyta.com.cy,178.62.218.244,2019-01-28
mail.cyta.com.cy,cyta.com.cy,178.62.218.244,2019-01-28
wwwtest.cyta.com.cy,cyta.com.cy,178.62.218.244,2019-01-28
pop3.cyta.com.cy,cyta.com.cy,178.62.218.244,2019-01-28
pop.cyta.com.cy,cyta.com.cy,178.62.218.244,2019-01-28
imap.mail.cyta.com.cy,cyta.com.cy,178.62.218.244,2019-01-28
autodiscover.mbox.cyta.com.cy,cyta.com.cy,178.62.218.244,2019-01-28
mail.defa.com.cy,defa.com.cy,108.61.123.149,2019-02-22
mail.mfa.gr,mfa.gr,95.179.156.61,2019-04-10
mail.mfa.gr,mfa.gr,95.179.131.225,2019-04-11
pop3.mfa.gr,mfa.gr,95.179.131.225,2019-04-15
mail.kyvernisi.gr,kyvernisi.gr,95.179.131.225,2019-04-17
fremen.nsa.gov.iq,nsa.gov.iq,212.32.235.160,2019-04-24
mail2010.kotc.com.kw,kotc.com.kw,91.132.139.200,2019-05-13
dc-f035afeff417.nsa.gov.iq,nsa.gov.iq,212.32.235.160,2019-05-15
server.nsa.gov.iq,nsa.gov.iq,212.32.235.160,2019-05-16
escrow.com,escrow.com,111.90.150.43,2020-03-31
www.escrow.com,escrow.com,111.90.149.49,2020-03-31
mail.mfa.gov.kg,mfa.gov.kg,94.103.91.159,2020-12-21
kk.mfa.gov.kg,mfa.gov.kg,94.103.90.182,2020-12-22
mail.invest.gov.kg,invest.gov.kg,94.103.90.182,2020-12-28
mail.fiu.gov.kg,fiu.gov.kg,178.20.41.140,2020-12-30
mx1.fiu.gov.kg,fiu.gov.kg,178.20.41.140,2020-12-30
ns1.invest.gov.kg,invest.gov.kg,95.179.139.27,2021-01-03
