rrname,root,rrdata,day
faedile.com,faedile.com,136.244.91.147,2024-07-02
lansdownassociates.co.uk,lansdownassociates.co.uk,194.11.154.226,2024-04-24
dkujpest.hu,dkujpest.hu,152.70.176.210,2024-01-28
dkujpest.hu,dkujpest.hu,135.148.57.147,2024-01-28
c-sharp.in,c-sharp.in,139.59.255.10,2024-04-02
leobet.ph,leobet.ph,154.217.140.195,2024-04-03
prudenteemfesta.com.br, prudenteemfesta.com.br,195.35.41.29,2024-04-04
uts.ac.id,uts.ac.id,159.223.92.200,2024-01-13
amor777.one,amor777.one,43.157.130.139,2024-03-30
conservice.com,conservice.com,176.9.24.28,2024-05-08
cogentco.com,cogentco.com,176.9.24.28,2024-05-25
blog.celer.network,celer.network,185.196.9.144,2024-07-12
truecoding.in,truecoding.in,82.180.143.236,2024-12-18
brisbaneair.com.au,brisbaneair.com.au,167.71.222.112,2024-08-30
partidulnouaromanie.ro,partidulnouaromanie.ro,167.71.222.112,2024-09-29
programmingwithmosh.com,programmingwithmosh.com,167.71.222.112,2024-05-11
momtaznews.com,momtaznews.com,167.71.222.112,2024-07-08
